sample,genotype,fish,naglu_genotype,psen1_genotype,RNA_id,batch_rna,position,ULN,RIN
21-01528,WT,2,WT,WT,1,2021-10-13T00:00:00Z,A1,21-01528,8
21-01529,EOfAD-like,4,WT,Q96_K97del/+,2,2021-10-13T00:00:00Z,A2,21-01529,9.1
21-01530,MPS-IIIB,5,A603fs/A603fs,WT,3,2021-10-13T00:00:00Z,A3,21-01530,8.8
21-01531,MPS-IIIB,6,A603fs/A603fs,WT,4,2021-10-13T00:00:00Z,A4,21-01531,7
21-01532,EOfAD-like,17,WT,Q96_K97del/+,5,2021-10-13T00:00:00Z,A5,21-01532,9.4
21-01533,WT,18,WT,WT,6,2021-10-13T00:00:00Z,A6,21-01533,9.5
21-01534,MPS-IIIB,19,A603fs/A603fs,WT,7,2021-10-13T00:00:00Z,A7,21-01534,9.8
21-01535,EOfAD-like,21,WT,Q96_K97del/+,8,2021-10-13T00:00:00Z,A8,21-01535,9.7
21-01536,WT,26,WT,WT,9,2021-10-13T00:00:00Z,A9,21-01536,9.8
21-01539,EOfAD-like,37,WT,Q96_K97del/+,12,2021-10-14T00:00:00Z,A12,21-01539,9.1
21-01540,MPS-IIIB,42,A603fs/A603fs,WT,13,2021-10-14T00:00:00Z,B1,21-01540,9.2
21-01541,EOfAD-like,47,WT,Q96_K97del/+,14,2021-10-14T00:00:00Z,B2,21-01541,8.7
21-01542,EOfAD-like,48,WT,Q96_K97del/+,15,2021-10-14T00:00:00Z,B3,21-01542,9
21-01543,WT,52,WT,WT,16,2021-10-14T00:00:00Z,B4,21-01543,9.9
21-01544,MPS-IIIB,54,A603fs/A603fs,WT,17,2021-10-14T00:00:00Z,B5,21-01544,9.2
21-01545,WT,58,WT,WT,18,2021-10-14T00:00:00Z,B6,21-01545,9.8
21-01548,MPS-IIIB,77,A603fs/A603fs,WT,22,2021-10-15T00:00:00Z,B9,21-01548,9.4
21-01549,MPS-IIIB,79,A603fs/A603fs,WT,23,2021-10-15T00:00:00Z,B10,21-01549,10
21-01551,MPS-IIIB,86,A603fs/A603fs,WT,25,2021-10-15T00:00:00Z,B12,21-01551,9.9
21-01552,WT,87,WT,WT,26,2021-10-15T00:00:00Z,C1,21-01552,8.8
21-01553,WT,90,WT,WT,27,2021-10-15T00:00:00Z,C2,21-01553,9.4
21-01554,WT,93,WT,WT,28,2021-10-15T00:00:00Z,C3,21-01554,9.5
21-01555,EOfAD-like,96,WT,Q96_K97del/+,29,2021-10-15T00:00:00Z,C4,21-01555,9.5
21-01556,EOfAD-like,99,WT,Q96_K97del/+,30,2021-10-15T00:00:00Z,C5,21-01556,8.7
